LOAD_DATE,YEAR,DATASET,SUBJECT,VARIABLE_BASE,GEO_ID,VALUE_E,VALUE_PE,STATE,COUNTY,LABEL_CATEGORY,LABEL_VALUE,LABEL_CONCEPT
2021-08-24 05:39:15.350,2011,ACS1,DP05,DP05_0061,0500000US06001,21230,,California,Alameda County,RACE,American Indian and Alaska Native,RACE
2021-08-24 05:39:18.440,2011,ACS1,DP05,DP05_0062,0500000US06001,448250,,California,Alameda County,RACE,Asian,RACE
2021-08-24 05:39:13.623,2011,ACS1,DP05,DP05_0060,0500000US06001,210706,,California,Alameda County,RACE,Black or African American,RACE
2021-08-24 05:39:20.969,2011,ACS1,DP05,DP05_0063,0500000US06001,22617,,California,Alameda County,RACE,Native Hawaiian and Other Pacific Islander,RACE
2021-08-24 05:39:22.858,2011,ACS1,DP05,DP05_0064,0500000US06001,140893,,California,Alameda County,RACE,Some other race,RACE
2021-08-24 05:39:10.656,2011,ACS1,DP05,DP05_0059,0500000US06001,778051,,California,Alameda County,RACE,White,RACE
2021-08-24 05:39:15.350,2011,ACS1,DP05,DP05_0061,0500000US06007,11059,,California,Butte County,RACE,American Indian and Alaska Native,RACE
2021-08-24 05:39:18.440,2011,ACS1,DP05,DP05_0062,0500000US06007,12469,,California,Butte County,RACE,Asian,RACE
2021-08-24 05:39:13.623,2011,ACS1,DP05,DP05_0060,0500000US06007,6037,,California,Butte County,RACE,Black or African American,RACE
2021-08-24 05:39:20.969,2011,ACS1,DP05,DP05_0063,0500000US06007,1107,,California,Butte County,RACE,Native Hawaiian and Other Pacific Islander,RACE
2021-08-24 05:39:22.858,2011,ACS1,DP05,DP05_0064,0500000US06007,8513,,California,Butte County,RACE,Some other race,RACE
2021-08-24 05:39:10.656,2011,ACS1,DP05,DP05_0059,0500000US06007,196992,,California,Butte County,RACE,White,RACE
2021-08-24 05:39:15.350,2011,ACS1,DP05,DP05_0061,0500000US06013,16137,,California,Contra Costa County,RACE,American Indian and Alaska Native,RACE
2021-08-24 05:39:18.440,2011,ACS1,DP05,DP05_0062,0500000US06013,184544,,California,Contra Costa County,RACE,Asian,RACE
2021-08-24 05:39:13.623,2011,ACS1,DP05,DP05_0060,0500000US06013,110389,,California,Contra Costa County,RACE,Black or African American,RACE
2021-08-24 05:39:20.969,2011,ACS1,DP05,DP05_0063,0500000US06013,12403,,California,Contra Costa County,RACE,Native Hawaiian and Other Pacific Islander,RACE
2021-08-24 05:39:22.858,2011,ACS1,DP05,DP05_0064,0500000US06013,77192,,California,Contra Costa County,RACE,Some other race,RACE
2021-08-24 05:39:10.656,2011,ACS1,DP05,DP05_0059,0500000US06013,728300,,California,Contra Costa County,RACE,White,RACE
2021-08-24 05:39:15.350,2011,ACS1,DP05,DP05_0061,0500000US06017,5486,,California,El Dorado County,RACE,American Indian and Alaska Native,RACE
2021-08-24 05:39:18.440,2011,ACS1,DP05,DP05_0062,0500000US06017,9407,,California,El Dorado County,RACE,Asian,RACE
2021-08-24 05:39:13.623,2011,ACS1,DP05,DP05_0060,0500000US06017,2311,,California,El Dorado County,RACE,Black or African American,RACE
2021-08-24 05:39:20.969,2011,ACS1,DP05,DP05_0063,0500000US06017,0,,California,El Dorado County,RACE,Native Hawaiian and Other Pacific Islander,RACE
2021-08-24 05:39:22.858,2011,ACS1,DP05,DP05_0064,0500000US06017,7051,,California,El Dorado County,RACE,Some other race,RACE
2021-08-24 05:39:10.656,2011,ACS1,DP05,DP05_0059,0500000US06017,162726,,California,El Dorado County,RACE,White,RACE
2021-08-24 05:39:15.350,2011,ACS1,DP05,DP05_0061,0500000US06019,20505,,California,Fresno County,RACE,American Indian and Alaska Native,RACE
2021-08-24 05:39:18.440,2011,ACS1,DP05,DP05_0062,0500000US06019,102951,,California,Fresno County,RACE,Asian,RACE
2021-08-24 05:39:13.623,2011,ACS1,DP05,DP05_0060,0500000US06019,56774,,California,Fresno County,RACE,Black or African American,RACE
2021-08-24 05:39:20.969,2011,ACS1,DP05,DP05_0063,0500000US06019,4772,,California,Fresno County,RACE,Native Hawaiian and Other Pacific Islander,RACE
2021-08-24 05:39:22.858,2011,ACS1,DP05,DP05_0064,0500000US06019,248851,,California,Fresno County,RACE,Some other race,RACE
2021-08-24 05:39:10.656,2011,ACS1,DP05,DP05_0059,0500000US06019,548895,,California,Fresno County,RACE,White,RACE
2021-08-24 05:39:15.350,2011,ACS1,DP05,DP05_0061,0500000US06023,10160,,California,Humboldt County,RACE,American Indian and Alaska Native,RACE
2021-08-24 05:39:18.440,2011,ACS1,DP05,DP05_0062,0500000US06023,5210,,California,Humboldt County,RACE,Asian,RACE
2021-08-24 05:39:13.623,2011,ACS1,DP05,DP05_0060,0500000US06023,2628,,California,Humboldt County,RACE,Black or African American,RACE
2021-08-24 05:39:20.969,2011,ACS1,DP05,DP05_0063,0500000US06023,868,,California,Humboldt County,RACE,Native Hawaiian and Other Pacific Islander,RACE
2021-08-24 05:39:22.858,2011,ACS1,DP05,DP05_0064,0500000US06023,4316,,California,Humboldt County,RACE,Some other race,RACE
2021-08-24 05:39:10.656,2011,ACS1,DP05,DP05_0059,0500000US06023,119586,,California,Humboldt County,RACE,White,RACE
2021-08-24 05:39:15.350,2011,ACS1,DP05,DP05_0061,0500000US06025,6894,,California,Imperial County,RACE,American Indian and Alaska Native,RACE
2021-08-24 05:39:18.440,2011,ACS1,DP05,DP05_0062,0500000US06025,3581,,California,Imperial County,RACE,Asian,RACE
2021-08-24 05:39:13.623,2011,ACS1,DP05,DP05_0060,0500000US06025,6985,,California,Imperial County,RACE,Black or African American,RACE
2021-08-24 05:39:20.969,2011,ACS1,DP05,DP05_0063,0500000US06025,0,,California,Imperial County,RACE,Native Hawaiian and Other Pacific Islander,RACE
2021-08-24 05:39:22.858,2011,ACS1,DP05,DP05_0064,0500000US06025,42790,,California,Imperial County,RACE,Some other race,RACE
2021-08-24 05:39:10.656,2011,ACS1,DP05,DP05_0059,0500000US06025,124184,,California,Imperial County,RACE,White,RACE
2021-08-24 05:39:15.350,2011,ACS1,DP05,DP05_0061,0500000US06029,21523,,California,Kern County,RACE,American Indian and Alaska Native,RACE
2021-08-24 05:39:18.440,2011,ACS1,DP05,DP05_0062,0500000US06029,43472,,California,Kern County,RACE,Asian,RACE
2021-08-24 05:39:13.623,2011,ACS1,DP05,DP05_0060,0500000US06029,56440,,California,Kern County,RACE,Black or African American,RACE
2021-08-24 05:39:20.969,2011,ACS1,DP05,DP05_0063,0500000US06029,3538,,California,Kern County,RACE,Native Hawaiian and Other Pacific Islander,RACE
2021-08-24 05:39:22.858,2011,ACS1,DP05,DP05_0064,0500000US06029,89589,,California,Kern County,RACE,Some other race,RACE
2021-08-24 05:39:10.656,2011,ACS1,DP05,DP05_0059,0500000US06029,668725,,California,Kern County,RACE,White,RACE
2021-08-24 05:39:15.350,2011,ACS1,DP05,DP05_0061,0500000US06031,4584,,California,Kings County,RACE,American Indian and Alaska Native,RACE
2021-08-24 05:39:18.440,2011,ACS1,DP05,DP05_0062,0500000US06031,7496,,California,Kings County,RACE,Asian,RACE
2021-08-24 05:39:13.623,2011,ACS1,DP05,DP05_0060,0500000US06031,11547,,California,Kings County,RACE,Black or African American,RACE
2021-08-24 05:39:20.969,2011,ACS1,DP05,DP05_0063,0500000US06031,0,,California,Kings County,RACE,Native Hawaiian and Other Pacific Islander,RACE
2021-08-24 05:39:22.858,2011,ACS1,DP05,DP05_0064,0500000US06031,15718,,California,Kings County,RACE,Some other race,RACE
2021-08-24 05:39:10.656,2011,ACS1,DP05,DP05_0059,0500000US06031,120503,,California,Kings County,RACE,White,RACE
2021-08-24 05:39:15.350,2011,ACS1,DP05,DP05_0061,0500000US06033,4535,,California,Lake County,RACE,American Indian and Alaska Native,RACE
2021-08-24 05:39:18.440,2011,ACS1,DP05,DP05_0062,0500000US06033,1224,,California,Lake County,RACE,Asian,RACE
2021-08-24 05:39:13.623,2011,ACS1,DP05,DP05_0060,0500000US06033,1412,,California,Lake County,RACE,Black or African American,RACE
2021-08-24 05:39:20.969,2011,ACS1,DP05,DP05_0063,0500000US06033,325,,California,Lake County,RACE,Native Hawaiian and Other Pacific Islander,RACE
2021-08-24 05:39:22.858,2011,ACS1,DP05,DP05_0064,0500000US06033,4753,,California,Lake County,RACE,Some other race,RACE
2021-08-24 05:39:10.656,2011,ACS1,DP05,DP05_0059,0500000US06033,53594,,California,Lake County,RACE,White,RACE
2021-08-24 05:39:15.350,2011,ACS1,DP05,DP05_0061,0500000US06037,143573,,California,Los Angeles County,RACE,American Indian and Alaska Native,RACE
2021-08-24 05:39:18.440,2011,ACS1,DP05,DP05_0062,0500000US06037,1499840,,California,Los Angeles County,RACE,Asian,RACE
2021-08-24 05:39:13.623,2011,ACS1,DP05,DP05_0060,0500000US06037,932066,,California,Los Angeles County,RACE,Black or African American,RACE
2021-08-24 05:39:20.969,2011,ACS1,DP05,DP05_0063,0500000US06037,50134,,California,Los Angeles County,RACE,Native Hawaiian and Other Pacific Islander,RACE
2021-08-24 05:39:22.858,2011,ACS1,DP05,DP05_0064,0500000US06037,2005009,,California,Los Angeles County,RACE,Some other race,RACE
2021-08-24 05:39:10.656,2011,ACS1,DP05,DP05_0059,0500000US06037,5667322,,California,Los Angeles County,RACE,White,RACE
2021-08-24 05:39:15.350,2011,ACS1,DP05,DP05_0061,0500000US06039,3886,,California,Madera County,RACE,American Indian and Alaska Native,RACE
2021-08-24 05:39:18.440,2011,ACS1,DP05,DP05_0062,0500000US06039,4182,,California,Madera County,RACE,Asian,RACE
2021-08-24 05:39:13.623,2011,ACS1,DP05,DP05_0060,0500000US06039,5694,,California,Madera County,RACE,Black or African American,RACE
2021-08-24 05:39:20.969,2011,ACS1,DP05,DP05_0063,0500000US06039,0,,California,Madera County,RACE,Native Hawaiian and Other Pacific Islander,RACE
2021-08-24 05:39:22.858,2011,ACS1,DP05,DP05_0064,0500000US06039,12941,,California,Madera County,RACE,Some other race,RACE
2021-08-24 05:39:10.656,2011,ACS1,DP05,DP05_0059,0500000US06039,128490,,California,Madera County,RACE,White,RACE
2021-08-24 05:39:15.350,2011,ACS1,DP05,DP05_0061,0500000US06041,2457,,California,Marin County,RACE,American Indian and Alaska Native,RACE
2021-08-24 05:39:18.440,2011,ACS1,DP05,DP05_0062,0500000US06041,19783,,California,Marin County,RACE,Asian,RACE
2021-08-24 05:39:13.623,2011,ACS1,DP05,DP05_0060,0500000US06041,10158,,California,Marin County,RACE,Black or African American,RACE
2021-08-24 05:39:20.969,2011,ACS1,DP05,DP05_0063,0500000US06041,866,,California,Marin County,RACE,Native Hawaiian and Other Pacific Islander,RACE
2021-08-24 05:39:22.858,2011,ACS1,DP05,DP05_0064,0500000US06041,24340,,California,Marin County,RACE,Some other race,RACE
2021-08-24 05:39:10.656,2011,ACS1,DP05,DP05_0059,0500000US06041,208465,,California,Marin County,RACE,White,RACE
2021-08-24 05:39:15.350,2011,ACS1,DP05,DP05_0061,0500000US06045,7166,,California,Mendocino County,RACE,American Indian and Alaska Native,RACE
2021-08-24 05:39:18.440,2011,ACS1,DP05,DP05_0062,0500000US06045,2227,,California,Mendocino County,RACE,Asian,RACE
2021-08-24 05:39:13.623,2011,ACS1,DP05,DP05_0060,0500000US06045,1413,,California,Mendocino County,RACE,Black or African American,RACE
2021-08-24 05:39:20.969,2011,ACS1,DP05,DP05_0063,0500000US06045,255,,California,Mendocino County,RACE,Native Hawaiian and Other Pacific Islander,RACE
2021-08-24 05:39:22.858,2011,ACS1,DP05,DP05_0064,0500000US06045,6053,,California,Mendocino County,RACE,Some other race,RACE
2021-08-24 05:39:10.656,2011,ACS1,DP05,DP05_0059,0500000US06045,73809,,California,Mendocino County,RACE,White,RACE
2021-08-24 05:39:15.350,2011,ACS1,DP05,DP05_0061,0500000US06047,5182,,California,Merced County,RACE,American Indian and Alaska Native,RACE
2021-08-24 05:39:18.440,2011,ACS1,DP05,DP05_0062,0500000US06047,21815,,California,Merced County,RACE,Asian,RACE
2021-08-24 05:39:13.623,2011,ACS1,DP05,DP05_0060,0500000US06047,10445,,California,Merced County,RACE,Black or African American,RACE
2021-08-24 05:39:20.969,2011,ACS1,DP05,DP05_0063,0500000US06047,1862,,California,Merced County,RACE,Native Hawaiian and Other Pacific Islander,RACE
2021-08-24 05:39:22.858,2011,ACS1,DP05,DP05_0064,0500000US06047,42106,,California,Merced County,RACE,Some other race,RACE
2021-08-24 05:39:10.656,2011,ACS1,DP05,DP05_0059,0500000US06047,188562,,California,Merced County,RACE,White,RACE
2021-08-24 05:39:15.350,2011,ACS1,DP05,DP05_0061,0500000US06053,6423,,California,Monterey County,RACE,American Indian and Alaska Native,RACE
2021-08-24 05:39:18.440,2011,ACS1,DP05,DP05_0062,0500000US06053,33854,,California,Monterey County,RACE,Asian,RACE
2021-08-24 05:39:13.623,2011,ACS1,DP05,DP05_0060,0500000US06053,15037,,California,Monterey County,RACE,Black or African American,RACE
2021-08-24 05:39:20.969,2011,ACS1,DP05,DP05_0063,0500000US06053,3890,,California,Monterey County,RACE,Native Hawaiian and Other Pacific Islander,RACE
2021-08-24 05:39:22.858,2011,ACS1,DP05,DP05_0064,0500000US06053,57252,,California,Monterey County,RACE,Some other race,RACE
2021-08-24 05:39:10.656,2011,ACS1,DP05,DP05_0059,0500000US06053,320109,,California,Monterey County,RACE,White,RACE
2021-08-24 05:39:15.350,2011,ACS1,DP05,DP05_0061,0500000US06055,2201,,California,Napa County,RACE,American Indian and Alaska Native,RACE
2021-08-24 05:39:18.440,2011,ACS1,DP05,DP05_0062,0500000US06055,11922,,California,Napa County,RACE,Asian,RACE
2021-08-24 05:39:13.623,2011,ACS1,DP05,DP05_0060,0500000US06055,3433,,California,Napa County,RACE,Black or African American,RACE
2021-08-24 05:39:20.969,2011,ACS1,DP05,DP05_0063,0500000US06055,588,,California,Napa County,RACE,Native Hawaiian and Other Pacific Islander,RACE
2021-08-24 05:39:22.858,2011,ACS1,DP05,DP05_0064,0500000US06055,8641,,California,Napa County,RACE,Some other race,RACE
2021-08-24 05:39:10.656,2011,ACS1,DP05,DP05_0059,0500000US06055,116809,,California,Napa County,RACE,White,RACE
2021-08-24 05:39:15.350,2011,ACS1,DP05,DP05_0061,0500000US06057,2450,,California,Nevada County,RACE,American Indian and Alaska Native,RACE
2021-08-24 05:39:18.440,2011,ACS1,DP05,DP05_0062,0500000US06057,2354,,California,Nevada County,RACE,Asian,RACE
2021-08-24 05:39:13.623,2011,ACS1,DP05,DP05_0060,0500000US06057,757,,California,Nevada County,RACE,Black or African American,RACE
2021-08-24 05:39:20.969,2011,ACS1,DP05,DP05_0063,0500000US06057,0,,California,Nevada County,RACE,Native Hawaiian and Other Pacific Islander,RACE
2021-08-24 05:39:22.858,2011,ACS1,DP05,DP05_0064,0500000US06057,3250,,California,Nevada County,RACE,Some other race,RACE
2021-08-24 05:39:10.656,2011,ACS1,DP05,DP05_0059,0500000US06057,92974,,California,Nevada County,RACE,White,RACE
2021-08-24 05:39:15.350,2011,ACS1,DP05,DP05_0061,0500000US06059,27980,,California,Orange County,RACE,American Indian and Alaska Native,RACE
2021-08-24 05:39:18.440,2011,ACS1,DP05,DP05_0062,0500000US06059,606034,,California,Orange County,RACE,Asian,RACE
2021-08-24 05:39:13.623,2011,ACS1,DP05,DP05_0060,0500000US06059,67201,,California,Orange County,RACE,Black or African American,RACE
2021-08-24 05:39:20.969,2011,ACS1,DP05,DP05_0063,0500000US06059,18858,,California,Orange County,RACE,Native Hawaiian and Other Pacific Islander,RACE
2021-08-24 05:39:22.858,2011,ACS1,DP05,DP05_0064,0500000US06059,408741,,California,Orange County,RACE,Some other race,RACE
2021-08-24 05:39:10.656,2011,ACS1,DP05,DP05_0059,0500000US06059,2028958,,California,Orange County,RACE,White,RACE
2021-08-24 05:39:15.350,2011,ACS1,DP05,DP05_0061,0500000US06061,7103,,California,Placer County,RACE,American Indian and Alaska Native,RACE
2021-08-24 05:39:18.440,2011,ACS1,DP05,DP05_0062,0500000US06061,27778,,California,Placer County,RACE,Asian,RACE
2021-08-24 05:39:13.623,2011,ACS1,DP05,DP05_0060,0500000US06061,7316,,California,Placer County,RACE,Black or African American,RACE
2021-08-24 05:39:20.969,2011,ACS1,DP05,DP05_0063,0500000US06061,1986,,California,Placer County,RACE,Native Hawaiian and Other Pacific Islander,RACE
2021-08-24 05:39:22.858,2011,ACS1,DP05,DP05_0064,0500000US06061,12502,,California,Placer County,RACE,Some other race,RACE
2021-08-24 05:39:10.656,2011,ACS1,DP05,DP05_0059,0500000US06061,317128,,California,Placer County,RACE,White,RACE
2021-08-24 05:39:15.350,2011,ACS1,DP05,DP05_0061,0500000US06065,43232,,California,Riverside County,RACE,American Indian and Alaska Native,RACE
2021-08-24 05:39:18.440,2011,ACS1,DP05,DP05_0062,0500000US06065,162780,,California,Riverside County,RACE,Asian,RACE
2021-08-24 05:39:13.623,2011,ACS1,DP05,DP05_0060,0500000US06065,166173,,California,Riverside County,RACE,Black or African American,RACE
2021-08-24 05:39:20.969,2011,ACS1,DP05,DP05_0063,0500000US06065,16256,,California,Riverside County,RACE,Native Hawaiian and Other Pacific Islander,RACE
2021-08-24 05:39:22.858,2011,ACS1,DP05,DP05_0064,0500000US06065,380010,,California,Riverside County,RACE,Some other race,RACE
2021-08-24 05:39:10.656,2011,ACS1,DP05,DP05_0059,0500000US06065,1557684,,California,Riverside County,RACE,White,RACE
2021-08-24 05:39:15.350,2011,ACS1,DP05,DP05_0061,0500000US06067,38172,,California,Sacramento County,RACE,American Indian and Alaska Native,RACE
2021-08-24 05:39:18.440,2011,ACS1,DP05,DP05_0062,0500000US06067,245934,,California,Sacramento County,RACE,Asian,RACE
2021-08-24 05:39:13.623,2011,ACS1,DP05,DP05_0060,0500000US06067,179591,,California,Sacramento County,RACE,Black or African American,RACE
2021-08-24 05:39:20.969,2011,ACS1,DP05,DP05_0063,0500000US06067,25923,,California,Sacramento County,RACE,Native Hawaiian and Other Pacific Islander,RACE
2021-08-24 05:39:22.858,2011,ACS1,DP05,DP05_0064,0500000US06067,119136,,California,Sacramento County,RACE,Some other race,RACE
2021-08-24 05:39:10.656,2011,ACS1,DP05,DP05_0059,0500000US06067,930245,,California,Sacramento County,RACE,White,RACE
2021-08-24 05:39:15.350,2011,ACS1,DP05,DP05_0061,0500000US06071,39157,,California,San Bernardino County,RACE,American Indian and Alaska Native,RACE
2021-08-24 05:39:18.440,2011,ACS1,DP05,DP05_0062,0500000US06071,163454,,California,San Bernardino County,RACE,Asian,RACE
2021-08-24 05:39:13.623,2011,ACS1,DP05,DP05_0060,0500000US06071,205186,,California,San Bernardino County,RACE,Black or African American,RACE
2021-08-24 05:39:20.969,2011,ACS1,DP05,DP05_0063,0500000US06071,14341,,California,San Bernardino County,RACE,Native Hawaiian and Other Pacific Islander,RACE
2021-08-24 05:39:22.858,2011,ACS1,DP05,DP05_0064,0500000US06071,380860,,California,San Bernardino County,RACE,Some other race,RACE
2021-08-24 05:39:10.656,2011,ACS1,DP05,DP05_0059,0500000US06071,1366654,,California,San Bernardino County,RACE,White,RACE
2021-08-24 05:39:15.350,2011,ACS1,DP05,DP05_0061,0500000US06073,56435,,California,San Diego County,RACE,American Indian and Alaska Native,RACE
2021-08-24 05:39:18.440,2011,ACS1,DP05,DP05_0062,0500000US06073,413325,,California,San Diego County,RACE,Asian,RACE
2021-08-24 05:39:13.623,2011,ACS1,DP05,DP05_0060,0500000US06073,199893,,California,San Diego County,RACE,Black or African American,RACE
2021-08-24 05:39:20.969,2011,ACS1,DP05,DP05_0063,0500000US06073,29875,,California,San Diego County,RACE,Native Hawaiian and Other Pacific Islander,RACE
2021-08-24 05:39:22.858,2011,ACS1,DP05,DP05_0064,0500000US06073,241223,,California,San Diego County,RACE,Some other race,RACE
2021-08-24 05:39:10.656,2011,ACS1,DP05,DP05_0059,0500000US06073,2363869,,California,San Diego County,RACE,White,RACE
2021-08-24 05:39:15.350,2011,ACS1,DP05,DP05_0061,0500000US06075,8847,,California,San Francisco County,RACE,American Indian and Alaska Native,RACE
2021-08-24 05:39:18.440,2011,ACS1,DP05,DP05_0062,0500000US06075,290713,,California,San Francisco County,RACE,Asian,RACE
2021-08-24 05:39:13.623,2011,ACS1,DP05,DP05_0060,0500000US06075,56533,,California,San Francisco County,RACE,Black or African American,RACE
2021-08-24 05:39:20.969,2011,ACS1,DP05,DP05_0063,0500000US06075,7727,,California,San Francisco County,RACE,Native Hawaiian and Other Pacific Islander,RACE
2021-08-24 05:39:22.858,2011,ACS1,DP05,DP05_0064,0500000US06075,50638,,California,San Francisco County,RACE,Some other race,RACE
2021-08-24 05:39:10.656,2011,ACS1,DP05,DP05_0059,0500000US06075,434400,,California,San Francisco County,RACE,White,RACE
2021-08-24 05:39:15.350,2011,ACS1,DP05,DP05_0061,0500000US06077,15693,,California,San Joaquin County,RACE,American Indian and Alaska Native,RACE
2021-08-24 05:39:18.440,2011,ACS1,DP05,DP05_0062,0500000US06077,119546,,California,San Joaquin County,RACE,Asian,RACE
2021-08-24 05:39:13.623,2011,ACS1,DP05,DP05_0060,0500000US06077,61846,,California,San Joaquin County,RACE,Black or African American,RACE
2021-08-24 05:39:20.969,2011,ACS1,DP05,DP05_0063,0500000US06077,8355,,California,San Joaquin County,RACE,Native Hawaiian and Other Pacific Islander,RACE
2021-08-24 05:39:22.858,2011,ACS1,DP05,DP05_0064,0500000US06077,75110,,California,San Joaquin County,RACE,Some other race,RACE
2021-08-24 05:39:10.656,2011,ACS1,DP05,DP05_0059,0500000US06077,458883,,California,San Joaquin County,RACE,White,RACE
2021-08-24 05:39:15.350,2011,ACS1,DP05,DP05_0061,0500000US06079,5644,,California,San Luis Obispo County,RACE,American Indian and Alaska Native,RACE
2021-08-24 05:39:18.440,2011,ACS1,DP05,DP05_0062,0500000US06079,14018,,California,San Luis Obispo County,RACE,Asian,RACE
2021-08-24 05:39:13.623,2011,ACS1,DP05,DP05_0060,0500000US06079,8494,,California,San Luis Obispo County,RACE,Black or African American,RACE
2021-08-24 05:39:20.969,2011,ACS1,DP05,DP05_0063,0500000US06079,571,,California,San Luis Obispo County,RACE,Native Hawaiian and Other Pacific Islander,RACE
2021-08-24 05:39:22.858,2011,ACS1,DP05,DP05_0064,0500000US06079,17118,,California,San Luis Obispo County,RACE,Some other race,RACE
2021-08-24 05:39:10.656,2011,ACS1,DP05,DP05_0059,0500000US06079,236111,,California,San Luis Obispo County,RACE,White,RACE
2021-08-24 05:39:15.350,2011,ACS1,DP05,DP05_0061,0500000US06081,8453,,California,San Mateo County,RACE,American Indian and Alaska Native,RACE
2021-08-24 05:39:18.440,2011,ACS1,DP05,DP05_0062,0500000US06081,202792,,California,San Mateo County,RACE,Asian,RACE
2021-08-24 05:39:13.623,2011,ACS1,DP05,DP05_0060,0500000US06081,25477,,California,San Mateo County,RACE,Black or African American,RACE
2021-08-24 05:39:20.969,2011,ACS1,DP05,DP05_0063,0500000US06081,13208,,California,San Mateo County,RACE,Native Hawaiian and Other Pacific Islander,RACE
2021-08-24 05:39:22.858,2011,ACS1,DP05,DP05_0064,0500000US06081,57063,,California,San Mateo County,RACE,Some other race,RACE
2021-08-24 05:39:10.656,2011,ACS1,DP05,DP05_0059,0500000US06081,455556,,California,San Mateo County,RACE,White,RACE
2021-08-24 05:39:15.350,2011,ACS1,DP05,DP05_0061,0500000US06083,7794,,California,Santa Barbara County,RACE,American Indian and Alaska Native,RACE
2021-08-24 05:39:18.440,2011,ACS1,DP05,DP05_0062,0500000US06083,27306,,California,Santa Barbara County,RACE,Asian,RACE
2021-08-24 05:39:13.623,2011,ACS1,DP05,DP05_0060,0500000US06083,11784,,California,Santa Barbara County,RACE,Black or African American,RACE
2021-08-24 05:39:20.969,2011,ACS1,DP05,DP05_0063,0500000US06083,3692,,California,Santa Barbara County,RACE,Native Hawaiian and Other Pacific Islander,RACE
2021-08-24 05:39:22.858,2011,ACS1,DP05,DP05_0064,0500000US06083,53607,,California,Santa Barbara County,RACE,Some other race,RACE
2021-08-24 05:39:10.656,2011,ACS1,DP05,DP05_0059,0500000US06083,341847,,California,Santa Barbara County,RACE,White,RACE
2021-08-24 05:39:15.350,2011,ACS1,DP05,DP05_0061,0500000US06085,24250,,California,Santa Clara County,RACE,American Indian and Alaska Native,RACE
2021-08-24 05:39:18.440,2011,ACS1,DP05,DP05_0062,0500000US06085,630411,,California,Santa Clara County,RACE,Asian,RACE
2021-08-24 05:39:13.623,2011,ACS1,DP05,DP05_0060,0500000US06085,64149,,California,Santa Clara County,RACE,Black or African American,RACE
2021-08-24 05:39:20.969,2011,ACS1,DP05,DP05_0063,0500000US06085,16432,,California,Santa Clara County,RACE,Native Hawaiian and Other Pacific Islander,RACE
2021-08-24 05:39:22.858,2011,ACS1,DP05,DP05_0064,0500000US06085,168666,,California,Santa Clara County,RACE,Some other race,RACE
2021-08-24 05:39:10.656,2011,ACS1,DP05,DP05_0059,0500000US06085,993345,,California,Santa Clara County,RACE,White,RACE
2021-08-24 05:39:15.350,2011,ACS1,DP05,DP05_0061,0500000US06087,3964,,California,Santa Cruz County,RACE,American Indian and Alaska Native,RACE
2021-08-24 05:39:18.440,2011,ACS1,DP05,DP05_0062,0500000US06087,15808,,California,Santa Cruz County,RACE,Asian,RACE
2021-08-24 05:39:13.623,2011,ACS1,DP05,DP05_0060,0500000US06087,4750,,California,Santa Cruz County,RACE,Black or African American,RACE
2021-08-24 05:39:20.969,2011,ACS1,DP05,DP05_0063,0500000US06087,614,,California,Santa Cruz County,RACE,Native Hawaiian and Other Pacific Islander,RACE
2021-08-24 05:39:22.858,2011,ACS1,DP05,DP05_0064,0500000US06087,22462,,California,Santa Cruz County,RACE,Some other race,RACE
2021-08-24 05:39:10.656,2011,ACS1,DP05,DP05_0059,0500000US06087,226716,,California,Santa Cruz County,RACE,White,RACE
2021-08-24 05:39:15.350,2011,ACS1,DP05,DP05_0061,0500000US06089,8258,,California,Shasta County,RACE,American Indian and Alaska Native,RACE
2021-08-24 05:39:18.440,2011,ACS1,DP05,DP05_0062,0500000US06089,6726,,California,Shasta County,RACE,Asian,RACE
2021-08-24 05:39:13.623,2011,ACS1,DP05,DP05_0060,0500000US06089,3644,,California,Shasta County,RACE,Black or African American,RACE
2021-08-24 05:39:20.969,2011,ACS1,DP05,DP05_0063,0500000US06089,445,,California,Shasta County,RACE,Native Hawaiian and Other Pacific Islander,RACE
2021-08-24 05:39:22.858,2011,ACS1,DP05,DP05_0064,0500000US06089,4838,,California,Shasta County,RACE,Some other race,RACE
2021-08-24 05:39:10.656,2011,ACS1,DP05,DP05_0059,0500000US06089,162712,,California,Shasta County,RACE,White,RACE
2021-08-24 05:39:15.350,2011,ACS1,DP05,DP05_0061,0500000US06095,7891,,California,Solano County,RACE,American Indian and Alaska Native,RACE
2021-08-24 05:39:18.440,2011,ACS1,DP05,DP05_0062,0500000US06095,75976,,California,Solano County,RACE,Asian,RACE
2021-08-24 05:39:13.623,2011,ACS1,DP05,DP05_0060,0500000US06095,67347,,California,Solano County,RACE,Black or African American,RACE
2021-08-24 05:39:20.969,2011,ACS1,DP05,DP05_0063,0500000US06095,6964,,California,Solano County,RACE,Native Hawaiian and Other Pacific Islander,RACE
2021-08-24 05:39:22.858,2011,ACS1,DP05,DP05_0064,0500000US06095,43991,,California,Solano County,RACE,Some other race,RACE
2021-08-24 05:39:10.656,2011,ACS1,DP05,DP05_0059,0500000US06095,245648,,California,Solano County,RACE,White,RACE
2021-08-24 05:39:15.350,2011,ACS1,DP05,DP05_0061,0500000US06097,12149,,California,Sonoma County,RACE,American Indian and Alaska Native,RACE
2021-08-24 05:39:18.440,2011,ACS1,DP05,DP05_0062,0500000US06097,27444,,California,Sonoma County,RACE,Asian,RACE
2021-08-24 05:39:13.623,2011,ACS1,DP05,DP05_0060,0500000US06097,11184,,California,Sonoma County,RACE,Black or African American,RACE
2021-08-24 05:39:20.969,2011,ACS1,DP05,DP05_0063,0500000US06097,2848,,California,Sonoma County,RACE,Native Hawaiian and Other Pacific Islander,RACE
2021-08-24 05:39:22.858,2011,ACS1,DP05,DP05_0064,0500000US06097,43367,,California,Sonoma County,RACE,Some other race,RACE
2021-08-24 05:39:10.656,2011,ACS1,DP05,DP05_0059,0500000US06097,410658,,California,Sonoma County,RACE,White,RACE
2021-08-24 05:39:15.350,2011,ACS1,DP05,DP05_0061,0500000US06099,13771,,California,Stanislaus County,RACE,American Indian and Alaska Native,RACE
2021-08-24 05:39:18.440,2011,ACS1,DP05,DP05_0062,0500000US06099,37316,,California,Stanislaus County,RACE,Asian,RACE
2021-08-24 05:39:13.623,2011,ACS1,DP05,DP05_0060,0500000US06099,20757,,California,Stanislaus County,RACE,Black or African American,RACE
2021-08-24 05:39:20.969,2011,ACS1,DP05,DP05_0063,0500000US06099,6688,,California,Stanislaus County,RACE,Native Hawaiian and Other Pacific Islander,RACE
2021-08-24 05:39:22.858,2011,ACS1,DP05,DP05_0064,0500000US06099,47252,,California,Stanislaus County,RACE,Some other race,RACE
2021-08-24 05:39:10.656,2011,ACS1,DP05,DP05_0059,0500000US06099,420632,,California,Stanislaus County,RACE,White,RACE
2021-08-24 05:39:15.350,2011,ACS1,DP05,DP05_0061,0500000US06101,3008,,California,Sutter County,RACE,American Indian and Alaska Native,RACE
2021-08-24 05:39:18.440,2011,ACS1,DP05,DP05_0062,0500000US06101,16156,,California,Sutter County,RACE,Asian,RACE
2021-08-24 05:39:13.623,2011,ACS1,DP05,DP05_0060,0500000US06101,4000,,California,Sutter County,RACE,Black or African American,RACE
2021-08-24 05:39:20.969,2011,ACS1,DP05,DP05_0063,0500000US06101,951,,California,Sutter County,RACE,Native Hawaiian and Other Pacific Islander,RACE
2021-08-24 05:39:22.858,2011,ACS1,DP05,DP05_0064,0500000US06101,9859,,California,Sutter County,RACE,Some other race,RACE
2021-08-24 05:39:10.656,2011,ACS1,DP05,DP05_0059,0500000US06101,68175,,California,Sutter County,RACE,White,RACE
2021-08-24 05:39:15.350,2011,ACS1,DP05,DP05_0061,0500000US06107,14298,,California,Tulare County,RACE,American Indian and Alaska Native,RACE
2021-08-24 05:39:18.440,2011,ACS1,DP05,DP05_0062,0500000US06107,19905,,California,Tulare County,RACE,Asian,RACE
2021-08-24 05:39:13.623,2011,ACS1,DP05,DP05_0060,0500000US06107,10966,,California,Tulare County,RACE,Black or African American,RACE
2021-08-24 05:39:20.969,2011,ACS1,DP05,DP05_0063,0500000US06107,262,,California,Tulare County,RACE,Native Hawaiian and Other Pacific Islander,RACE
2021-08-24 05:39:22.858,2011,ACS1,DP05,DP05_0064,0500000US06107,45739,,California,Tulare County,RACE,Some other race,RACE
2021-08-24 05:39:10.656,2011,ACS1,DP05,DP05_0059,0500000US06107,374930,,California,Tulare County,RACE,White,RACE
2021-08-24 05:39:15.350,2011,ACS1,DP05,DP05_0061,0500000US06111,15680,,California,Ventura County,RACE,American Indian and Alaska Native,RACE
2021-08-24 05:39:18.440,2011,ACS1,DP05,DP05_0062,0500000US06111,73674,,California,Ventura County,RACE,Asian,RACE
2021-08-24 05:39:13.623,2011,ACS1,DP05,DP05_0060,0500000US06111,21532,,California,Ventura County,RACE,Black or African American,RACE
2021-08-24 05:39:20.969,2011,ACS1,DP05,DP05_0063,0500000US06111,4462,,California,Ventura County,RACE,Native Hawaiian and Other Pacific Islander,RACE
2021-08-24 05:39:22.858,2011,ACS1,DP05,DP05_0064,0500000US06111,90840,,California,Ventura County,RACE,Some other race,RACE
2021-08-24 05:39:10.656,2011,ACS1,DP05,DP05_0059,0500000US06111,664175,,California,Ventura County,RACE,White,RACE
2021-08-24 05:39:15.350,2011,ACS1,DP05,DP05_0061,0500000US06113,5434,,California,Yolo County,RACE,American Indian and Alaska Native,RACE
2021-08-24 05:39:18.440,2011,ACS1,DP05,DP05_0062,0500000US06113,33487,,California,Yolo County,RACE,Asian,RACE
2021-08-24 05:39:13.623,2011,ACS1,DP05,DP05_0060,0500000US06113,7966,,California,Yolo County,RACE,Black or African American,RACE
2021-08-24 05:39:20.969,2011,ACS1,DP05,DP05_0063,0500000US06113,2430,,California,Yolo County,RACE,Native Hawaiian and Other Pacific Islander,RACE
2021-08-24 05:39:22.858,2011,ACS1,DP05,DP05_0064,0500000US06113,23870,,California,Yolo County,RACE,Some other race,RACE
2021-08-24 05:39:10.656,2011,ACS1,DP05,DP05_0059,0500000US06113,142553,,California,Yolo County,RACE,White,RACE
2021-08-24 05:39:15.350,2011,ACS1,DP05,DP05_0061,0500000US06115,3401,,California,Yuba County,RACE,American Indian and Alaska Native,RACE
2021-08-24 05:39:18.440,2011,ACS1,DP05,DP05_0062,0500000US06115,6107,,California,Yuba County,RACE,Asian,RACE
2021-08-24 05:39:13.623,2011,ACS1,DP05,DP05_0060,0500000US06115,3366,,California,Yuba County,RACE,Black or African American,RACE
2021-08-24 05:39:20.969,2011,ACS1,DP05,DP05_0063,0500000US06115,500,,California,Yuba County,RACE,Native Hawaiian and Other Pacific Islander,RACE
2021-08-24 05:39:22.858,2011,ACS1,DP05,DP05_0064,0500000US06115,9749,,California,Yuba County,RACE,Some other race,RACE
2021-08-24 05:39:10.656,2011,ACS1,DP05,DP05_0059,0500000US06115,54868,,California,Yuba County,RACE,White,RACE